Verifier,Detector+Descriptor,UIF-UB (Essential Mat),UIF-UB (Fundamental Matrix)
oanet,dog_convopt,42.22%,39.17%
oanet,dog_rootsift,41.67%,39.44%
oanet,dog_openucn,32.78%,32.78%
oanet,dog_siftnet,28.61%,25.28%
oanet,keynet_siftnet,26.48%,16.62%
oanet,harrisnet_rootsift,25.83%,16.67%
oanet,brisk,25.56%,23.06%
oanet,keynet_hardnet,25.63%,18.59%
lmeds,sift,24.44%,19.72%
oanet,dog_hardnet,23.89%,22.50%
oanet,fast_siftnet,23.33%,23.33%
oanet,contextdesc,22.78%,21.11%
oanet,surf_siftnet,22.50%,21.94%
oanet,harrisnet_siftnet,21.94%,14.72%
oanet,harris_siftnet,20.56%,20.56%
oanet,harrisnet_convopt,20.28%,11.67%
oanet,orb,20.00%,9.17%
oanet,surf_hardnet,19.44%,17.50%
oanet,harrisnet_hardnet,19.44%,14.44%
oanet,keynet_rootsift,18.89%,10.83%
oanet,keynet_openucn,18.33%,15.83%
oanet,harris_rootsift,18.33%,18.33%
oanet,harris_convopt,15.00%,15.00%
ransac,sift,14.44%,10.83%
oanet,fast_openucn,14.44%,14.44%
oanet,keynet_convopt,14.37%,6.76%
oanet,lfnet,14.17%,13.33%
oanet,harrisnet_openucn,14.17%,10.56%
oanet,harris_hardnet,13.06%,13.06%
oanet,fast_hardnet,12.50%,12.22%
oanet,r2d2,12.22%,12.22%
oanet,surf_openucn,11.94%,11.94%
ngransac,sift,11.11%,3.89%
lmeds,dog_sift,10.83%,7.50%
oanet,fast_convopt,10.83%,10.83%
oanet,surf_convopt,10.28%,9.17%
oanet,harris_siftpca,10.00%,4.44%
oanet,harris_sift,10.00%,2.78%
lmeds,dog_siftpca,9.44%,6.67%
oanet,sift,7.78%,2.50%
ngransac,fast_hardnet,7.50%,5.00%
oanet,dog_siftpca,7.22%,2.78%
lmeds,harris_sift,7.22%,5.83%
oanet,dog_sift,6.67%,3.89%
lmeds,harrisnet_tfeat,6.39%,5.00%
oanet,mser_openucn,6.39%,3.89%
lmeds,fast_siftpca,6.11%,3.61%
lmeds,harris_siftpca,5.83%,4.72%
ngransac,fast_convopt,5.56%,4.44%
lmeds,fast_sift,5.28%,3.33%
lmeds,harrisnet_sift,5.28%,3.61%
lmeds,harris_tfeat,4.72%,3.06%
lmeds,harrisnet_siftpca,4.17%,2.22%
lmeds,surf_surf,4.17%,2.78%
oanet,superpoint,3.89%,0.00%
eigfree,dog_rootsift,3.89%,3.33%
eigfree,surf_openucn,3.89%,3.61%
eigfree,surf_convopt,3.89%,3.61%
learned_corr,dog_hardnet,3.89%,3.61%
learned_corr,harrisnet_hardnet,3.89%,3.06%
n3net,surf_convopt,3.89%,3.33%
learned_corr,surf_convopt,3.89%,3.89%
learned_corr,surf_rootsift,3.89%,3.61%
eigfree,dog_hardnet,3.89%,3.61%
eigfree,dog_openucn,3.89%,3.89%
learned_corr,contextdesc,3.89%,3.61%
oanet,surf_rootsift,3.89%,3.61%
eigfree,fast_hardnet,3.89%,3.89%
eigfree,fast_convopt,3.61%,3.61%
learned_corr,harrisnet_openucn,3.61%,2.78%
learned_corr,d2net,3.61%,3.61%
eigfree,harris_openucn,3.61%,3.61%
learned_corr,dog_convopt,3.61%,3.33%
eigfree,harris_hardnet,3.61%,3.33%
learned_corr,dog_rootsift,3.61%,3.33%
learned_corr,dog_siftnet,3.61%,3.61%
learned_corr,fast_rootsift,3.61%,3.61%
n3net,harrisnet_openucn,3.61%,1.94%
learned_corr,harris_hardnet,3.61%,3.61%
eigfree,fast_siftnet,3.61%,3.61%
eigfree,fast_rootsift,3.61%,3.61%
learned_corr,harrisnet_siftnet,3.61%,2.22%
lmeds,dog_tfeat,3.61%,2.22%
learned_corr,keynet_hardnet,3.66%,3.10%
learned_corr,keynet_openucn,3.61%,3.61%
n3net,fast_rootsift,3.61%,3.61%
n3net,d2net,3.61%,3.33%
learned_corr,r2d2,3.61%,3.61%
eigfree,fast_openucn,3.61%,3.61%
learned_corr,surf_hardnet,3.61%,3.61%
eigfree,surf_siftnet,3.61%,3.33%
learned_corr,surf_siftnet,3.61%,3.61%
eigfree,brisk,3.61%,3.33%
eigfree,d2net,3.61%,3.06%
eigfree,dog_convopt,3.61%,3.06%
learned_corr,surf_openucn,3.61%,3.61%
n3net,harris_hardnet,3.61%,3.33%
eigfree,contextdesc,3.61%,3.61%
eigfree,r2d2,3.61%,3.61%
eigfree,harrisnet_hardnet,3.61%,1.67%
n3net,surf_siftnet,3.61%,3.33%
ngransac,fast_rootsift,3.61%,2.78%
eigfree,harrisnet_siftnet,3.61%,1.39%
eigfree,lfnet,3.61%,3.33%
n3net,r2d2,3.61%,3.61%
n3net,lfnet,3.33%,3.33%
learned_corr,keynet_convopt,3.38%,1.13%
learned_corr,keynet_siftnet,3.38%,1.97%
n3net,fast_siftnet,3.33%,3.33%
learned_corr,keynet_rootsift,3.33%,1.67%
n3net,surf_rootsift,3.33%,3.33%
n3net,surf_openucn,3.33%,3.33%
ransac,harris_sift,3.33%,2.22%
n3net,fast_convopt,3.33%,3.33%
learned_corr,harrisnet_rootsift,3.33%,2.22%
n3net,surf_hardnet,3.33%,3.06%
ransac,harrisnet_tfeat,3.33%,1.67%
eigfree,harris_siftnet,3.33%,3.33%
n3net,harris_rootsift,3.33%,3.33%
n3net,fast_hardnet,3.33%,3.06%
n3net,dog_openucn,3.33%,3.33%
n3net,dog_siftnet,3.33%,3.33%
n3net,dog_rootsift,3.33%,3.33%
learned_corr,harris_rootsift,3.33%,3.33%
n3net,dog_hardnet,3.33%,3.33%
n3net,dog_convopt,3.33%,3.33%
n3net,contextdesc,3.33%,3.33%
ngransac,dog_hardnet,3.33%,1.39%
eigfree,keynet_openucn,3.33%,3.06%
eigfree,dog_siftnet,3.33%,3.06%
ngransac,dog_sift,3.33%,0.56%
eigfree,harris_convopt,3.33%,3.33%
oanet,surf_surf,3.33%,0.56%
eigfree,harrisnet_rootsift,3.33%,1.39%
eigfree,harrisnet_openucn,3.33%,1.94%
eigfree,harris_rootsift,3.33%,3.06%
n3net,harris_siftnet,3.33%,3.06%
learned_corr,lfnet,3.33%,3.33%
learned_corr,harris_convopt,3.33%,3.33%
learned_corr,brisk,3.33%,3.33%
learned_corr,fast_openucn,3.33%,3.33%
learned_corr,fast_hardnet,3.33%,3.33%
learned_corr,fast_convopt,3.33%,3.33%
eigfree,surf_hardnet,3.33%,3.33%
learned_corr,fast_siftnet,3.33%,3.33%
n3net,harrisnet_hardnet,3.33%,2.50%
learned_corr,dog_openucn,3.33%,3.33%
learned_corr,harris_openucn,3.33%,3.33%
eigfree,keynet_hardnet,3.10%,2.25%
n3net,harrisnet_siftnet,3.06%,1.39%
learned_corr,harris_siftnet,3.06%,3.06%
n3net,keynet_hardnet,3.10%,2.82%
n3net,brisk,3.06%,3.06%
ngransac,dog_siftpca,3.06%,0.28%
eigfree,surf_rootsift,3.06%,1.94%
oanet,harris_openucn,3.06%,3.06%
learned_corr,harrislaplace_openucn,3.06%,2.78%
learned_corr,harrisnet_convopt,3.06%,1.11%
n3net,keynet_openucn,3.06%,3.06%
n3net,harris_convopt,3.06%,3.06%
learned_corr,harrislaplace_hardnet,3.06%,1.39%
n3net,harris_openucn,3.06%,3.06%
eigfree,keynet_convopt,3.10%,1.13%
ransac,fast_sift,2.78%,1.39%
eigfree,harrislaplace_hardnet,2.78%,1.39%
eigfree,keynet_rootsift,2.78%,1.39%
eigfree,harrislaplace_openucn,2.78%,1.11%
learned_corr,harrislaplace_rootsift,2.78%,1.39%
learned_corr,harrislaplace_convopt,2.78%,1.39%
n3net,keynet_rootsift,2.78%,1.11%
n3net,keynet_siftnet,2.82%,1.41%
learned_corr,mser_openucn,2.50%,1.39%
ngransac,contextdesc,2.50%,0.83%
ransac,fast_siftpca,2.50%,1.11%
eigfree,keynet_siftnet,2.54%,1.69%
n3net,keynet_convopt,2.54%,0.56%
n3net,harrisnet_rootsift,2.50%,1.39%
n3net,fast_openucn,2.50%,2.50%
eigfree,mser_openucn,2.50%,1.39%
eigfree,glampoints_openucn,2.50%,0.28%
ransac,harrisnet_siftpca,2.50%,2.22%
eigfree,harrislaplace_convopt,2.50%,1.11%
learned_corr,harrislaplace_siftnet,2.50%,1.39%
eigfree,harrisnet_convopt,2.50%,1.11%
ransac,harrisnet_sift,2.50%,1.39%
oanet,fast_rootsift,2.22%,2.22%
learned_corr,surf_brief,2.22%,0.83%
ransac,dog_sift,2.22%,1.67%
n3net,mser_openucn,2.22%,1.11%
ngransac,harris_sift,2.22%,0.56%
n3net,harrislaplace_hardnet,2.22%,0.83%
learned_corr,glampoints_rootsift,2.22%,0.56%
ngransac,fast_surf,2.22%,0.83%
ransac,harris_tfeat,2.22%,0.56%
learned_corr,orb,2.22%,1.11%
learned_corr,glampoints_openucn,2.22%,0.83%
ngransac,harris_siftpca,2.22%,0.28%
eigfree,harrislaplace_rootsift,1.94%,0.83%
learned_corr,glampoints_convopt,1.94%,0.56%
ngransac,fast_siftnet,1.94%,1.67%
ransac,harris_siftpca,1.94%,1.67%
learned_corr,dog_brief,1.94%,0.00%
n3net,glampoints_rootsift,1.94%,0.28%
eigfree,fast_brief,1.94%,0.56%
learned_corr,glampoints_hardnet,1.94%,0.56%
n3net,fast_brief,1.94%,1.11%
ransac,dog_siftpca,1.94%,1.11%
n3net,harrislaplace_openucn,1.94%,0.83%
oanet,mser_convopt,1.94%,0.56%
learned_corr,fast_brief,1.94%,1.67%
oanet,brief,1.94%,0.28%
learned_corr,harris_brief,1.94%,1.11%
ngransac,dog_rootsift,1.94%,1.11%
oanet,mser_hardnet,1.94%,0.56%
ngransac,dog_convopt,1.94%,0.83%
n3net,harrisnet_convopt,1.94%,0.83%
n3net,harrislaplace_rootsift,1.67%,1.11%
lmeds,keynet_tfeat,1.71%,0.57%
lmeds,surf_tfeat,1.67%,0.83%
n3net,glampoints_openucn,1.67%,0.28%
ngransac,fast_siftpca,1.67%,0.28%
eigfree,orb,1.67%,0.28%
n3net,orb,1.67%,0.83%
eigfree,harrislaplace_siftnet,1.67%,0.28%
ngransac,fast_sift,1.67%,0.28%
oanet,harrisnet_siftpca,1.39%,0.00%
oanet,harris_tfeat,1.39%,1.11%
ngransac,dog_siftnet,1.39%,0.28%
n3net,harrislaplace_siftnet,1.39%,0.56%
ngransac,surf_hardnet,1.39%,0.00%
learned_corr,sift,1.39%,0.28%
ransac,surf_surf,1.39%,1.11%
oanet,mser_rootsift,1.39%,0.56%
eigfree,glampoints_hardnet,1.39%,0.00%
n3net,glampoints_convopt,1.39%,0.28%
n3net,glampoints_hardnet,1.39%,0.28%
ngransac,dog_openucn,1.11%,0.83%
n3net,superpoint,1.11%,0.00%
n3net,harrislaplace_convopt,1.11%,0.56%
learned_corr,superpoint,1.11%,0.00%
oanet,surf_tfeat,1.11%,0.28%
learned_corr,mser_convopt,1.11%,0.28%
eigfree,glampoints_convopt,1.11%,0.00%
eigfree,harris_brief,0.83%,0.28%
lmeds,surf_sift,0.83%,0.00%
oanet,harrisnet_sift,0.83%,0.28%
oanet,fast_sift,0.83%,0.00%
n3net,harris_sift,0.83%,0.28%
n3net,harris_siftpca,0.83%,0.28%
oanet,fast_siftpca,0.83%,0.56%
eigfree,glampoints_siftnet,0.83%,0.28%
ransac,surf_tfeat,0.83%,0.83%
lmeds,dog_hardnet,0.83%,0.83%
learned_corr,glampoints_siftnet,0.83%,0.28%
learned_corr,harris_sift,0.83%,0.28%
ransac,dog_tfeat,0.83%,0.00%
learned_corr,dog_sift,0.83%,0.28%
learned_corr,harris_siftpca,0.83%,0.56%
learned_corr,harris_tfeat,0.83%,0.00%
oanet,dog_tfeat,0.56%,0.00%
ransac,surf_sift,0.56%,0.28%
eigfree,harris_siftpca,0.56%,0.28%
ngransac,harris_siftnet,0.56%,0.00%
oanet,dog_surf,0.56%,0.00%
ngransac,harris_rootsift,0.56%,0.28%
learned_corr,dog_siftpca,0.56%,0.28%
ngransac,harris_hardnet,0.56%,0.28%
n3net,mser_convopt,0.56%,0.00%
learned_corr,mser_rootsift,0.56%,0.00%
oanet,d2net,0.56%,0.28%
ransac,surf_siftpca,0.56%,0.00%
n3net,sift,0.56%,0.28%
n3net,harris_tfeat,0.56%,0.00%
learned_corr,surf_surf,0.56%,0.56%
n3net,harris_brief,0.56%,0.00%
n3net,glampoints_siftnet,0.56%,0.28%
eigfree,harris_sift,0.56%,0.28%
ngransac,lfnet,0.56%,0.00%
ngransac,keynet_hardnet,0.56%,0.00%
n3net,dog_siftpca,0.56%,0.28%
learned_corr,mser_hardnet,0.56%,0.28%
n3net,dog_sift,0.56%,0.28%
lmeds,surf_siftpca,0.56%,0.00%
learned_corr,mser_siftnet,0.56%,0.00%
lmeds,keynet_sift,0.56%,0.00%
lmeds,keynet_siftpca,0.56%,0.00%
lmeds,mser_rootsift,0.56%,0.56%
n3net,surf_surf,0.56%,0.00%
oanet,lift,0.56%,0.00%
oanet,mser_siftnet,0.56%,0.28%
oanet,glampoints_tfeat,0.28%,0.00%
ransac,dog_surf,0.28%,0.00%
ransac,keynet_tfeat,0.29%,0.29%
mlesac,fast_rootsift,0.28%,0.00%
eigfree,surf_surf,0.28%,0.00%
ransac,harrisnet_rootsift,0.28%,0.28%
lmeds,mser_hardnet,0.28%,0.28%
lmeds,mser_convopt,0.28%,0.28%
lmeds,dog_convopt,0.28%,0.28%
ngransac,harris_tfeat,0.28%,0.00%
ngransac,brisk,0.28%,0.00%
learned_corr,fast_sift,0.28%,0.00%
lmeds,dog_rootsift,0.28%,0.28%
eigfree,dog_siftpca,0.28%,0.00%
oanet,glampoints_hardnet,0.28%,0.00%
oanet,glampoints_convopt,0.28%,0.00%
lmeds,harris_siftnet,0.28%,0.28%
ransac,fast_hardnet,0.28%,0.28%
lmeds,fast_convopt,0.28%,0.28%
lmeds,dog_surf,0.28%,0.00%
lmeds,dog_siftnet,0.28%,0.28%
mlesac,fast_convopt,0.28%,0.00%
eigfree,mser_convopt,0.28%,0.00%
oanet,harrislaplace_hardnet,0.28%,0.28%
n3net,surf_brief,0.28%,0.00%
lmeds,surf_hardnet,0.28%,0.28%
lmeds,keynet_hardnet,0.28%,0.28%
eigfree,glampoints_rootsift,0.28%,0.00%
ransac,superpoint,0.28%,0.00%
eigfree,sift,0.28%,0.28%
eigfree,mser_hardnet,0.28%,0.00%
eigfree,superpoint,0.28%,0.00%
lmeds,superpoint,0.28%,0.00%
lmeds,glampoints_sift,0.28%,0.28%
ngransac,surf_siftnet,0.28%,0.00%
learned_corr,harrislaplace_brief,0.28%,0.00%
ngransac,harrisnet_siftpca,0.28%,0.00%
n3net,mser_siftnet,0.28%,0.00%
n3net,mser_rootsift,0.28%,0.00%
eigfree,surf_brief,0.28%,0.28%
n3net,mser_hardnet,0.28%,0.28%
ngransac,surf_tfeat,0.28%,0.00%
lmeds,contextdesc,0.28%,0.28%
lmeds,orb,0.28%,0.28%
ransac,mser_convopt,0.28%,0.28%
ransac,keynet_surf,0.00%,0.00%
ransac,keynet_siftpca,0.00%,0.00%
ngransac,harrislaplace_siftnet,0.00%,0.00%
ngransac,harrislaplace_siftpca,0.00%,0.00%
ngransac,harrislaplace_surf,0.00%,0.00%
ransac,harrislaplace_openucn,0.00%,0.00%
ransac,harrislaplace_hardnet,0.00%,0.00%
ransac,harrislaplace_convopt,0.00%,0.00%
ransac,harrislaplace_brief,0.00%,0.00%
ngransac,harrisnet_brief,0.00%,0.00%
ransac,lfnet,0.00%,0.00%
ngransac,harrisnet_openucn,0.00%,0.00%
ransac,mser_openucn,0.00%,0.00%
ransac,mser_hardnet,0.00%,0.00%
ngransac,harrisnet_sift,0.00%,0.00%
ngransac,harrisnet_rootsift,0.00%,0.00%
ransac,glampoints_siftpca,0.00%,0.00%
ransac,glampoints_surf,0.00%,0.00%
ransac,glampoints_tfeat,0.00%,0.00%
ransac,harris_brief,0.00%,0.00%
ransac,harris_convopt,0.00%,0.00%
ransac,harris_hardnet,0.00%,0.00%
ngransac,harrislaplace_tfeat,0.00%,0.00%
ngransac,harrisnet_hardnet,0.00%,0.00%
ngransac,harrisnet_convopt,0.00%,0.00%
ngransac,harrislaplace_sift,0.00%,0.00%
ransac,harris_openucn,0.00%,0.00%
ransac,harris_rootsift,0.00%,0.00%
ransac,harris_siftnet,0.00%,0.00%
ransac,mser_brief,0.00%,0.00%
ransac,lift,0.00%,0.00%
ransac,harris_surf,0.00%,0.00%
ransac,harrislaplace_rootsift,0.00%,0.00%
ngransac,glampoints_hardnet,0.00%,0.00%
ransac,keynet_siftnet,0.00%,0.00%
ngransac,glampoints_convopt,0.00%,0.00%
ransac,harrisnet_openucn,0.00%,0.00%
ngransac,harris_convopt,0.00%,0.00%
ngransac,harris_brief,0.00%,0.00%
ngransac,glampoints_tfeat,0.00%,0.00%
ransac,harrisnet_siftnet,0.00%,0.00%
ngransac,glampoints_surf,0.00%,0.00%
ngransac,glampoints_siftpca,0.00%,0.00%
ngransac,glampoints_siftnet,0.00%,0.00%
ngransac,harrislaplace_rootsift,0.00%,0.00%
ngransac,glampoints_sift,0.00%,0.00%
ngransac,glampoints_rootsift,0.00%,0.00%
ngransac,glampoints_openucn,0.00%,0.00%
ransac,harrisnet_surf,0.00%,0.00%
ransac,kaze,0.00%,0.00%
ransac,keynet_brief,0.00%,0.00%
ransac,keynet_convopt,0.00%,0.00%
ngransac,harris_openucn,0.00%,0.00%
ngransac,glampoints_brief,0.00%,0.00%
ngransac,fast_tfeat,0.00%,0.00%
ransac,harrisnet_convopt,0.00%,0.00%
ransac,keynet_sift,0.00%,0.00%
ransac,harrislaplace_sift,0.00%,0.00%
ransac,harrislaplace_siftnet,0.00%,0.00%
ngransac,harrislaplace_openucn,0.00%,0.00%
ransac,harrislaplace_siftpca,0.00%,0.00%
ransac,keynet_rootsift,0.00%,0.00%
ngransac,harrislaplace_hardnet,0.00%,0.00%
ngransac,harrislaplace_convopt,0.00%,0.00%
ngransac,harrislaplace_brief,0.00%,0.00%
ransac,keynet_hardnet,0.00%,0.00%
ransac,keynet_openucn,0.00%,0.00%
ransac,harrislaplace_surf,0.00%,0.00%
ransac,harrislaplace_tfeat,0.00%,0.00%
ransac,harrisnet_brief,0.00%,0.00%
ngransac,harris_surf,0.00%,0.00%
ransac,harrisnet_hardnet,0.00%,0.00%
ngransac,lift,0.00%,0.00%
ransac,glampoints_siftnet,0.00%,0.00%
oanet,harrislaplace_siftnet,0.00%,0.00%
ransac,dog_brief,0.00%,0.00%
ransac,dog_convopt,0.00%,0.00%
ransac,dog_hardnet,0.00%,0.00%
ransac,dog_openucn,0.00%,0.00%
ransac,dog_rootsift,0.00%,0.00%
ransac,dog_siftnet,0.00%,0.00%
ransac,surf_convopt,0.00%,0.00%
oanet,harrisnet_brief,0.00%,0.00%
oanet,harrislaplace_tfeat,0.00%,0.00%
oanet,harrislaplace_surf,0.00%,0.00%
oanet,harrislaplace_siftpca,0.00%,0.00%
oanet,harrislaplace_sift,0.00%,0.00%
oanet,glampoints_surf,0.00%,0.00%
oanet,harrislaplace_rootsift,0.00%,0.00%
oanet,harrislaplace_openucn,0.00%,0.00%
oanet,harrislaplace_convopt,0.00%,0.00%
oanet,harrislaplace_brief,0.00%,0.00%
oanet,harris_surf,0.00%,0.00%
ransac,surf_hardnet,0.00%,0.00%
ransac,surf_openucn,0.00%,0.00%
ransac,surf_rootsift,0.00%,0.00%
ransac,mser_siftpca,0.00%,0.00%
ransac,fast_brief,0.00%,0.00%
ransac,fast_convopt,0.00%,0.00%
ransac,d2net,0.00%,0.00%
oanet,harrisnet_surf,,
oanet,harrisnet_tfeat,,
ransac,surf_brief,,
oanet,mser_tfeat,,
oanet,mser_surf,,
oanet,mser_siftpca,,
ngransac,fast_openucn,,
oanet,mser_sift,,
oanet,surf_brief,,
ransac,orb,,
ransac,mser_tfeat,,
ransac,mser_surf,,
oanet,surf_sift,,
oanet,surf_siftpca,,
oanet,mser_brief,,
oanet,keynet_tfeat,,
ransac,brief,,
oanet,keynet_surf,,
oanet,keynet_siftpca,,
ransac,brisk,,
oanet,keynet_sift,,
ransac,contextdesc,,
ransac,r2d2,,
ransac,mser_rootsift,,
oanet,keynet_brief,,
oanet,kaze,,
oanet,harris_brief,,
oanet,glampoints_siftpca,,
ransac,glampoints_sift,,
ngransac,keynet_sift,,
ngransac,mser_siftnet,,
ngransac,mser_sift,,
ngransac,mser_rootsift,,
ngransac,mser_openucn,,
ngransac,mser_hardnet,,
ngransac,mser_convopt,,
ngransac,mser_brief,,
ngransac,keynet_tfeat,,
ngransac,keynet_surf,,
ngransac,keynet_siftpca,,
ngransac,keynet_siftnet,,
ngransac,keynet_rootsift,,
oanet,glampoints_siftnet,,
ngransac,keynet_openucn,,
ngransac,keynet_convopt,,
ngransac,keynet_brief,,
ngransac,kaze,,
ngransac,harrisnet_tfeat,,
ngransac,harrisnet_surf,,
ransac,glampoints_convopt,,
ransac,glampoints_hardnet,,
ransac,glampoints_openucn,,
ransac,glampoints_rootsift,,
ngransac,harrisnet_siftnet,,
ngransac,mser_siftpca,,
ngransac,mser_surf,,
ngransac,mser_tfeat,,
ngransac,orb,,
oanet,glampoints_sift,,
oanet,glampoints_rootsift,,
oanet,glampoints_openucn,,
oanet,glampoints_brief,,
oanet,fast_tfeat,,
ransac,fast_openucn,,
ransac,mser_siftnet,,
oanet,fast_brief,,
ransac,surf_siftnet,,
ransac,fast_rootsift,,
oanet,dog_brief,,
ransac,fast_siftnet,,
ransac,fast_tfeat,,
ngransac,surf_surf,,
ngransac,surf_siftpca,,
ngransac,surf_sift,,
ngransac,surf_rootsift,,
ngransac,surf_openucn,,
ransac,glampoints_brief,,
ngransac,surf_convopt,,
ngransac,surf_brief,,
ngransac,superpoint,,
ngransac,r2d2,,
ransac,mser_sift,,
eigfree,brief,,
ngransac,fast_brief,,
lmeds,glampoints_tfeat,,
lmeds,glampoints_hardnet,,
lmeds,glampoints_openucn,,
lmeds,glampoints_rootsift,,
lmeds,glampoints_siftnet,,
lmeds,glampoints_siftpca,,
lmeds,glampoints_surf,,
lmeds,harris_brief,,
lmeds,glampoints_brief,,
lmeds,harris_convopt,,
lmeds,harris_hardnet,,
lmeds,harris_openucn,,
lmeds,harris_rootsift,,
lmeds,harris_surf,,
lmeds,harrislaplace_brief,,
lmeds,glampoints_convopt,,
lmeds,fast_tfeat,,
learned_corr,mser_sift,,
lmeds,brisk,,
learned_corr,mser_surf,,
learned_corr,mser_tfeat,,
learned_corr,surf_sift,,
learned_corr,surf_siftpca,,
learned_corr,surf_tfeat,,
lmeds,brief,,
lmeds,d2net,,
lmeds,fast_siftnet,,
lmeds,dog_brief,,
lmeds,dog_openucn,,
lmeds,fast_brief,,
lmeds,fast_hardnet,,
lmeds,fast_openucn,,
lmeds,fast_rootsift,,
lmeds,harrislaplace_convopt,,
lmeds,harrislaplace_hardnet,,
lmeds,harrislaplace_openucn,,
lmeds,mser_sift,,
lmeds,keynet_siftnet,,
lmeds,keynet_surf,,
lmeds,lfnet,,
lmeds,lift,,
lmeds,mser_brief,,
lmeds,mser_openucn,,
lmeds,mser_siftnet,,
lmeds,harrislaplace_rootsift,,
lmeds,mser_siftpca,,
lmeds,mser_surf,,
lmeds,mser_tfeat,,
lmeds,r2d2,,
lmeds,surf_brief,,
lmeds,surf_convopt,,
lmeds,keynet_rootsift,,
lmeds,keynet_openucn,,
lmeds,keynet_convopt,,
lmeds,keynet_brief,,
lmeds,kaze,,
lmeds,harrisnet_surf,,
lmeds,harrisnet_siftnet,,
lmeds,harrisnet_rootsift,,
lmeds,harrisnet_openucn,,
lmeds,harrisnet_hardnet,,
lmeds,harrisnet_convopt,,
lmeds,harrisnet_brief,,
lmeds,harrislaplace_tfeat,,
lmeds,harrislaplace_surf,,
lmeds,harrislaplace_siftpca,,
lmeds,harrislaplace_siftnet,,
lmeds,harrislaplace_sift,,
learned_corr,mser_siftpca,,
learned_corr,mser_brief,,
lmeds,surf_rootsift,,
eigfree,kaze,,
eigfree,harrislaplace_tfeat,,
eigfree,harrisnet_brief,,
eigfree,harrisnet_sift,,
eigfree,harrisnet_siftpca,,
eigfree,harrisnet_surf,,
eigfree,harrisnet_tfeat,,
eigfree,keynet_brief,,
eigfree,harrislaplace_siftpca,,
eigfree,keynet_sift,,
eigfree,keynet_siftpca,,
eigfree,keynet_surf,,
eigfree,keynet_tfeat,,
eigfree,lift,,
eigfree,mser_brief,,
eigfree,harrislaplace_surf,,
eigfree,harrislaplace_sift,,
learned_corr,lift,,
eigfree,fast_tfeat,,
eigfree,dog_brief,,
eigfree,dog_sift,,
eigfree,dog_surf,,
eigfree,dog_tfeat,,
eigfree,fast_sift,,
eigfree,fast_siftpca,,
eigfree,glampoints_brief,,
eigfree,harrislaplace_brief,,
eigfree,glampoints_sift,,
eigfree,glampoints_siftpca,,
eigfree,glampoints_surf,,
eigfree,glampoints_tfeat,,
eigfree,harris_surf,,
eigfree,harris_tfeat,,
eigfree,mser_rootsift,,
eigfree,mser_sift,,
eigfree,mser_siftnet,,
learned_corr,harrisnet_surf,,
learned_corr,harrislaplace_siftpca,,
learned_corr,harrislaplace_surf,,
learned_corr,harrislaplace_tfeat,,
learned_corr,harrisnet_brief,,
learned_corr,harrisnet_sift,,
learned_corr,harrisnet_siftpca,,
learned_corr,harrisnet_tfeat,,
eigfree,mser_siftpca,,
learned_corr,kaze,,
learned_corr,keynet_brief,,
learned_corr,keynet_sift,,
learned_corr,keynet_siftpca,,
learned_corr,keynet_surf,,
learned_corr,keynet_tfeat,,
learned_corr,harrislaplace_sift,,
learned_corr,harris_surf,,
learned_corr,glampoints_tfeat,,
learned_corr,glampoints_surf,,
learned_corr,glampoints_siftpca,,
learned_corr,glampoints_sift,,
learned_corr,glampoints_brief,,
learned_corr,fast_tfeat,,
learned_corr,fast_siftpca,,
learned_corr,dog_tfeat,,
learned_corr,dog_surf,,
learned_corr,brief,,
eigfree,surf_tfeat,,
eigfree,surf_siftpca,,
eigfree,surf_sift,,
eigfree,mser_tfeat,,
eigfree,mser_surf,,
lmeds,surf_openucn,,
lmeds,surf_siftnet,,
ngransac,dog_tfeat,,
mlesac,surf_surf,,
mlesac,surf_hardnet,,
mlesac,surf_openucn,,
mlesac,surf_rootsift,,
mlesac,surf_sift,,
mlesac,surf_siftnet,,
mlesac,surf_siftpca,,
mlesac,surf_tfeat,,
mlesac,surf_brief,,
n3net,dog_brief,,
n3net,dog_surf,,
n3net,dog_tfeat,,
n3net,fast_sift,,
n3net,fast_siftpca,,
n3net,fast_tfeat,,
mlesac,surf_convopt,,
mlesac,superpoint,,
mlesac,keynet_surf,,
mlesac,mser_rootsift,,
mlesac,lfnet,,
mlesac,lift,,
mlesac,mser_brief,,
mlesac,mser_convopt,,
mlesac,mser_hardnet,,
mlesac,mser_openucn,,
mlesac,mser_sift,,
mlesac,sift,,
mlesac,mser_siftnet,,
mlesac,mser_siftpca,,
mlesac,mser_surf,,
mlesac,mser_tfeat,,
mlesac,orb,,
mlesac,r2d2,,
n3net,glampoints_brief,,
n3net,glampoints_sift,,
n3net,glampoints_siftpca,,
n3net,mser_tfeat,,
n3net,keynet_tfeat,,
n3net,lift,,
n3net,mser_brief,,
n3net,mser_sift,,
n3net,mser_siftpca,,
n3net,mser_surf,,
n3net,surf_sift,,
n3net,glampoints_surf,,
n3net,surf_siftpca,,
n3net,surf_tfeat,,
ngransac,brief,,
ngransac,d2net,,
ngransac,dog_brief,,
ngransac,dog_surf,,
n3net,keynet_surf,,
n3net,keynet_siftpca,,
n3net,keynet_sift,,
n3net,keynet_brief,,
n3net,kaze,,
n3net,harrisnet_tfeat,,
n3net,harrisnet_surf,,
n3net,harrisnet_siftpca,,
n3net,harrisnet_sift,,
n3net,harrisnet_brief,,
n3net,harrislaplace_tfeat,,
n3net,harrislaplace_surf,,
n3net,harrislaplace_siftpca,,
n3net,harrislaplace_sift,,
n3net,harrislaplace_brief,,
n3net,harris_surf,,
n3net,glampoints_tfeat,,
mlesac,350,,
mlesac,keynet_siftpca,,
mlesac,brief,,
mlesac,glampoints_rootsift,,
mlesac,fast_siftpca,,
mlesac,fast_tfeat,,
mlesac,glampoints_brief,,
mlesac,glampoints_convopt,,
mlesac,glampoints_hardnet,,
mlesac,glampoints_openucn,,
mlesac,glampoints_sift,,
mlesac,fast_sift,,
mlesac,glampoints_siftnet,,
mlesac,glampoints_siftpca,,
mlesac,glampoints_surf,,
mlesac,glampoints_tfeat,,
mlesac,harris_brief,,
mlesac,harris_convopt,,
mlesac,fast_siftnet,,
mlesac,fast_openucn,,
mlesac,keynet_siftnet,,
mlesac,dog_openucn,,
mlesac,brisk,,
mlesac,contextdesc,,
mlesac,d2net,,
mlesac,dog_brief,,
mlesac,dog_convopt,,
mlesac,dog_hardnet,,
mlesac,dog_rootsift,,
mlesac,fast_hardnet,,
mlesac,dog_sift,,
mlesac,dog_siftnet,,
mlesac,dog_siftpca,,
mlesac,dog_surf,,
mlesac,dog_tfeat,,
mlesac,fast_brief,,
mlesac,harris_hardnet,,
mlesac,harris_openucn,,
mlesac,harris_rootsift,,
mlesac,harrisnet_tfeat,,
mlesac,harrisnet_openucn,,
mlesac,harrisnet_rootsift,,
mlesac,harrisnet_sift,,
mlesac,harrisnet_siftnet,,
mlesac,harrisnet_siftpca,,
mlesac,harrisnet_surf,,
mlesac,kaze,,
mlesac,harris_sift,,
mlesac,keynet_brief,,
mlesac,keynet_convopt,,
mlesac,keynet_hardnet,,
mlesac,keynet_openucn,,
mlesac,keynet_rootsift,,
mlesac,keynet_sift,,
mlesac,harrisnet_hardnet,,
mlesac,harrisnet_convopt,,
mlesac,harrisnet_brief,,
mlesac,harrislaplace_tfeat,,
mlesac,harrislaplace_surf,,
mlesac,harrislaplace_siftpca,,
mlesac,harrislaplace_siftnet,,
mlesac,harrislaplace_sift,,
mlesac,harrislaplace_rootsift,,
mlesac,harrislaplace_openucn,,
mlesac,harrislaplace_hardnet,,
mlesac,harrislaplace_convopt,,
mlesac,harrislaplace_brief,,
mlesac,harris_tfeat,,
mlesac,harris_surf,,
mlesac,harris_siftpca,,
mlesac,harris_siftnet,,
n3net,brief,,